{
  "global_mean": -16.185016485355412,
  "global_std": 25.567666151850702
}